,MJ,SYC,ZJJ,JJ,LHK,LCG,LH,JL,LHH,NL7,HZ,OJ,BBZ,NL6,BBW,SY,BLG,HH,ZJ,WSK,NL,YRS,NL2,YR
vanD,38,60,48,866,112,54,88,18,200,96,44,22,16,94,32,90,198,242,56,200,66,152,58,58
vanA,0,38,0,0,106,10,8,0,0,0,108,50,0,0,0,12,40,8,2,94,0,10,2,0
vanB,8,54,0,0,0,0,6,6,12,8,0,0,0,8,8,0,0,56,0,0,2,12,18,8
patA,7804,7198,3792,26574,2904,11938,10766,2794,7368,6596,12270,9456,1906,4498,4436,8044,7098,11144,5212,3452,3780,8486,4808,6348
patB,68,74,20,1238,20,276,188,30,262,64,206,114,202,54,72,78,120,286,54,78,38,138,100,172
emrA,10,2,20,210,66,4,14,10,22,158,18,12,36,106,156,24,36,8,26,42,72,28,124,30
emrB,160,40,226,2600,304,350,258,76,148,612,220,178,354,480,650,286,444,200,160,258,368,160,884,250
vgaB,246,194,156,64,172,282,582,148,420,132,314,236,30,160,56,290,294,732,122,268,86,570,210,344
blaI,0,0,0,54,0,0,0,0,0,0,0,0,0,0,0,0,0,0,0,0,0,0,0,0
tetA,2,12,12,30,0,2,50,12,2,10,16,20,0,0,10,6,2,32,4,0,2,46,0,18
tetB,2,6,0,0,0,12,6,0,2,0,10,14,0,0,0,12,0,16,12,0,0,4,0,2
tetC,0,0,6,0,0,0,0,0,0,0,0,0,0,2,2,0,2,0,0,0,12,0,2,0
tetE,0,80,0,262,0,2,0,0,0,0,0,0,0,0,2,0,2,0,0,0,0,0,0,0
tetG,6,4,28,0,194,2,20,10,120,2,0,2,0,0,0,10,80,2,20,76,0,0,0,2
tetH,2,0,0,828,4,56,0,2,0,2,32,20,0,0,0,0,26,0,10,0,0,0,0,0
tetL,16,0,0,48,0,0,0,6,0,0,0,0,0,0,0,0,0,4,0,0,4,2,2,0
tetA(P),38,122,12,400,6,40,10,8,44,136,76,44,36,112,146,22,66,54,52,22,40,18,16,14
tetV,54,0,12,266,4,40,0,4,0,52,40,34,0,34,2,0,50,2,56,2,22,0,58,0
tetZ,4,4,2,0,0,2,4,0,78,8,0,0,6,0,4,6,0,18,0,0,12,0,4,14
tetM,232,86,28,0,68,366,248,16,130,18,264,168,16,26,10,72,220,194,88,20,2,160,8,134
tetO,14,0,22,0,10,20,14,10,84,10,36,8,2,8,0,26,62,46,14,112,4,92,0,18
tetQ,86,488,52,0,22,194,256,42,262,148,238,172,18,100,64,158,88,114,42,14,132,90,108,72
tetS,160,228,48,18,86,504,348,110,54,126,756,416,6,80,56,242,94,478,122,100,48,188,106,158
tetT,1322,1662,702,10632,424,2086,1852,392,1936,906,2372,1616,168,614,560,1524,944,1830,576,668,578,1202,1270,982
tetW,208,264,62,4,106,150,166,132,292,88,292,214,86,92,134,204,136,224,156,80,70,246,92,110
tetB(P),1510,1476,1060,4632,1160,2660,2776,618,2476,1740,2494,1672,642,1470,1350,1902,1496,2778,1064,956,1110,2098,1426,1832
tet32,166,86,112,1166,30,308,146,68,86,50,402,198,32,48,58,146,92,122,62,52,64,106,144,74
tet36,88,20,28,1736,34,122,86,24,28,88,358,210,20,24,10,36,162,72,100,228,20,54,10,60
FosX,6,2,2,0,0,20,8,2,0,0,24,0,0,2,0,10,0,8,2,0,0,2,0,8
tetX,0,0,0,0,0,0,0,0,0,0,0,0,0,0,0,2,2,0,0,0,0,0,0,0
emrK,38,12,26,154,28,44,76,4,16,50,82,54,44,56,52,82,70,60,36,130,48,46,72,28
acrA,102,12,110,36,176,74,56,10,66,68,130,36,36,70,62,62,146,12,22,126,146,2,256,16
acrB,718,174,518,792,1384,830,368,192,928,182,614,478,96,268,210,486,1736,222,410,1250,580,106,1714,188
blaR1,2,0,0,0,0,0,0,2,0,0,0,0,0,0,0,0,0,0,0,0,0,16,0,0
tolC,388,174,152,66,286,664,736,212,64,150,626,506,84,122,88,400,442,602,262,250,56,602,44,376
RbpA,0,0,0,0,2,0,0,0,0,2,0,0,0,2,0,2,8,0,0,0,2,0,28,2
emrY,146,44,48,254,10,62,38,24,138,120,102,102,50,124,126,110,4,40,44,20,104,52,78,48
emrD,34,0,10,0,0,52,76,2,68,56,76,34,0,6,2,8,4,50,16,0,56,58,122,12
mphA,10,0,46,0,10,12,4,0,2,0,16,2,0,0,0,2,132,8,4,48,0,0,0,0
tap,0,2,8,0,0,0,10,0,108,160,0,0,4,50,92,0,40,74,24,0,62,0,54,6
EreB,0,0,10,170,36,2,0,0,0,0,2,18,0,0,0,0,36,0,0,24,0,0,0,0
vanC,16,150,34,824,36,64,132,8,24,34,52,10,32,26,12,4,84,52,6,22,32,32,110,78
vanT,8,16,8,78,42,104,46,2,110,18,78,130,6,34,6,108,48,54,6,12,40,50,126,8
mexA,46,0,28,24,82,64,2,0,30,12,58,54,0,34,0,8,194,2,14,46,24,0,38,4
mexB,220,86,232,166,474,182,206,30,242,320,324,164,50,230,174,418,366,114,138,272,306,160,614,48
norA,72,12,22,1932,0,82,12,14,12,32,104,28,6,60,58,10,74,44,46,96,8,44,0,28
Erm(37),0,2,0,0,0,0,0,0,0,16,0,0,0,6,8,0,0,0,0,0,2,0,0,0
sul1,54,40,108,4,750,88,32,18,244,2,40,24,12,2,4,148,502,60,50,408,2,4,4,2
sul2,56,4,20,16,158,16,14,0,30,4,40,28,0,6,4,14,194,0,16,120,6,0,4,18
sul3,0,0,6,0,132,0,0,0,0,0,4,10,0,0,4,6,60,0,0,58,0,0,0,0
norB,50,0,0,2,2,0,4,0,64,0,0,0,0,0,0,0,14,0,0,4,0,0,0,0
rifampin phosphotransferase,1916,1748,956,20884,644,3300,1972,668,1834,1482,3180,2412,512,1106,950,2142,1808,1926,1166,818,1068,2076,1648,1286
qepA,36,138,18,1112,14,44,4,0,134,144,60,34,30,58,110,50,28,72,40,40,60,2,104,10
gimA glycosyltransferase,0,0,2,0,0,0,0,0,0,24,0,0,0,24,42,0,0,0,0,0,8,0,0,0
tet33,0,0,2,0,0,0,0,0,20,0,0,0,4,0,0,0,0,0,0,0,0,0,0,0
tet35,368,966,116,1324,2,1578,1808,310,552,204,1950,1318,164,118,62,806,164,1984,122,0,98,1494,38,824
sav1866,5782,7848,3474,47412,3832,8868,7470,2288,5892,6374,10306,7694,2554,4768,5002,6140,6520,7604,4258,4512,3890,6238,5074,5190
acrD,152,266,88,288,114,324,546,60,892,84,182,52,54,122,162,330,478,298,226,216,176,170,314,160
ErmF,0,0,0,0,0,0,2,0,34,0,0,0,0,0,0,0,6,2,0,0,0,0,0,0
acrE,12,18,46,0,42,4,18,2,114,60,0,0,0,22,20,12,24,40,28,54,24,36,86,14
acrF,158,386,222,54,208,16,62,44,134,154,12,22,164,126,140,62,224,92,142,192,128,144,198,34
golS,190,50,60,350,106,194,184,46,16,40,142,152,4,16,26,130,128,96,102,126,34,132,24,206
CRP,362,180,176,856,104,460,418,260,256,176,638,360,60,146,164,338,354,400,132,98,128,416,116,256
macA,40,4,6,286,52,56,0,6,6,58,164,30,0,32,12,8,128,2,14,68,34,0,70,8
macB,10168,10286,5122,53818,5544,14734,12014,4004,7480,7866,17778,12164,2804,6080,5826,9338,9922,13694,5698,6036,5078,10230,8018,7264
adeS,2,12,0,2,0,12,2,2,0,0,34,24,0,0,0,0,4,0,0,0,0,0,2,0
adeR,0,32,0,0,2,0,36,0,4,18,0,0,6,6,18,0,0,32,2,0,2,28,16,40
tet44,126,194,126,178,30,342,388,74,106,234,222,230,90,206,268,224,96,324,90,18,170,194,152,218
tet30,52,2,22,0,84,110,10,10,40,12,28,64,0,10,12,2,110,138,18,84,0,26,2,6
tet38,0,0,0,144,0,0,0,0,0,0,0,0,0,0,0,0,0,0,0,0,0,0,0,0
tet39,58,78,24,80,28,130,64,18,60,16,52,36,12,16,4,18,114,70,78,52,4,56,38,68
tet40,38,122,12,68,0,42,88,26,48,0,22,40,14,10,2,28,6,54,8,0,2,30,34,22
tet41,462,204,230,2310,460,262,232,98,96,398,278,224,66,206,320,268,542,256,314,632,192,168,114,274
tet42,208,90,42,730,12,130,4,36,0,10,90,54,0,20,18,16,286,0,120,18,32,0,42,8
tet43,108,10,16,2,0,52,6,4,0,16,120,100,0,14,10,22,18,30,24,0,8,10,4,12
CcrA beta-lactamase,0,52,4,362,0,0,0,4,12,14,0,0,0,0,22,12,0,0,10,0,4,0,0,0
L1 beta-lactamase,2,0,0,0,0,0,0,2,0,10,0,0,0,0,0,0,0,0,0,0,0,0,0,0
ErmQ,0,0,0,0,0,0,2,0,18,0,0,0,0,0,0,0,0,0,0,2,0,0,0,0
Erm(31),0,0,4,0,0,0,0,0,24,0,0,0,0,0,4,0,8,0,0,2,0,0,0,0
Erm(34),0,0,0,222,0,0,0,0,0,0,0,0,0,0,0,0,0,0,0,0,0,0,0,0
Erm(39),2,0,0,0,0,0,0,0,18,0,0,0,0,0,0,0,2,0,0,0,0,0,0,0
Erm(35),4,4,0,0,10,0,2,0,18,0,2,0,0,0,0,0,20,2,2,12,0,0,0,2
FEZ-1 beta-lactamase,52,52,4,2,0,134,234,10,0,10,280,96,10,4,0,130,18,140,4,2,0,58,0,74
mefA,56,128,24,0,8,60,120,40,34,0,20,96,22,8,4,40,46,124,24,26,0,108,0,32
mel,20,66,6,0,0,8,32,12,48,0,4,30,0,0,0,6,14,26,18,2,4,20,24,36
mecA,6,218,8,842,0,50,138,8,24,28,104,50,32,14,90,48,4,178,2,0,6,72,18,82
abeM,428,674,158,4,44,926,650,268,218,92,1034,710,140,80,92,330,140,830,200,52,54,516,6,520
abeS,18,0,10,0,48,8,0,14,0,8,36,10,0,12,8,8,78,0,16,50,2,0,4,0
adeA,14,0,0,0,0,0,0,0,0,0,0,0,0,0,0,0,0,0,8,0,0,0,6,0
adeB,266,244,124,192,120,1166,940,122,240,144,1552,964,64,186,90,718,576,900,196,456,80,512,182,372
Enterococcus faecium adeC,500,432,338,6234,240,910,632,222,1616,630,1380,736,140,524,488,696,504,892,414,184,440,730,822,514
adeF,62,58,94,188,38,52,170,50,252,366,132,116,236,246,268,70,38,392,70,90,204,288,224,204
adeG,488,1156,470,2284,450,366,950,244,1126,894,770,590,412,674,652,538,388,906,276,582,538,972,550,524
adeH,60,206,70,238,48,144,280,24,184,64,120,78,46,66,66,84,318,426,42,210,96,248,126,118
adeI,44,26,120,32,184,56,82,30,62,40,264,148,6,54,38,136,136,174,38,206,114,72,142,40
adeJ,100,198,186,82,540,154,414,80,106,544,74,74,176,424,494,322,348,424,88,318,294,358,160,226
adeK,98,194,30,0,144,28,220,6,406,40,16,68,20,42,18,240,96,382,12,78,52,232,132,126
cmeA,2,4,0,0,0,40,2,12,0,0,24,20,0,0,0,64,0,0,0,0,0,0,0,0
cmeB,474,308,564,310,1492,366,492,214,744,1102,394,188,148,772,720,668,1468,1084,438,1550,642,558,820,436
mdsA,0,0,0,0,0,0,0,0,0,0,0,0,0,0,2,0,0,0,0,0,22,0,60,0
mdsB,632,756,536,2550,1058,816,758,354,1376,700,1408,954,436,624,530,544,794,976,370,838,614,914,1076,524
mdsC,0,0,16,42,2,8,2,0,0,4,4,4,0,0,0,0,40,98,0,0,0,40,6,2
mdtA,80,6,84,1576,180,104,22,8,60,212,108,78,0,82,56,112,342,12,76,212,220,0,548,10
mdtB,2056,3426,1866,10940,1810,3618,5052,838,1414,2010,4086,2716,238,1212,990,2520,3752,3762,1414,2522,1962,3648,3442,1834
mdtC,1880,1306,1016,7602,1686,2974,2460,606,686,1304,2652,1802,268,980,598,1632,3828,1678,1190,2042,1144,1314,1828,966
mdtE,22,64,12,40,0,116,166,22,68,6,122,126,2,12,10,116,2,110,4,0,4,122,0,102
mdtF,74,20,124,18,198,52,40,14,76,36,36,16,0,24,24,90,230,18,40,406,68,0,70,24
mexC,88,78,104,0,184,102,60,52,222,86,116,56,20,86,68,38,122,92,76,182,70,100,146,84
mexD,270,514,214,3300,164,156,344,62,928,56,150,166,4,52,28,172,466,240,96,404,86,156,76,134
oprJ,98,4,60,0,16,6,38,10,134,22,0,28,0,20,8,6,74,44,28,28,16,18,2,16
mexE,64,80,34,250,32,24,78,50,186,32,44,90,60,24,6,8,32,88,6,0,64,98,52,48
mexF,1732,1032,1302,2044,1518,2088,2276,834,1884,2116,1818,1532,910,1482,1120,1476,2044,2450,1168,1758,1654,2398,2868,1238
oprN,578,900,416,194,384,852,1768,490,1896,354,958,890,226,420,270,1078,310,2156,240,240,386,1610,1022,932
mexH,450,320,150,146,154,902,906,174,134,148,972,918,26,122,42,478,430,1026,208,178,52,658,54,326
mexI,1116,1518,618,1918,446,1628,2574,364,1278,816,1720,1298,190,570,472,1078,1528,2280,492,1000,398,2096,464,1018
opmD,8,2,0,120,0,0,4,0,6,0,0,0,0,0,0,0,32,6,0,8,0,0,0,0
mtrC,84,14,42,6,100,104,90,12,88,48,62,22,0,38,24,150,274,110,78,346,20,20,22,40
mtrD,360,366,152,1474,224,376,620,124,400,98,326,278,20,112,62,800,452,772,256,416,60,536,66,344
mexS,72,30,48,584,58,114,106,12,250,40,160,126,2,64,56,130,72,90,86,120,54,28,154,14
mexT,268,112,128,702,86,242,194,86,228,166,122,212,62,124,102,68,218,358,126,110,80,178,140,132
mtrA,3218,2658,1252,17984,920,3264,2728,932,2236,2810,3098,2494,1100,2014,2194,2236,2098,3270,2474,966,1774,2536,2376,1996
nalD,0,0,0,34,0,0,0,0,0,0,0,0,0,0,0,0,0,0,0,0,0,0,0,0
nfxB,2,0,0,0,2,0,2,0,54,0,0,0,0,0,0,0,16,0,2,6,0,0,0,0
pmrA efflux pump,0,0,14,270,0,0,2,0,30,0,0,0,22,0,0,0,0,0,0,0,0,10,10,2
baeR,492,660,266,3264,152,734,704,208,874,516,834,536,248,392,434,546,346,822,316,252,324,578,636,466
baeS,1046,1872,490,14026,222,1314,1146,274,1140,1330,1118,1060,348,898,870,674,714,1496,944,578,826,1240,1484,746
cpxA,174,134,44,374,136,346,548,94,242,174,384,324,90,128,138,202,136,574,160,36,86,478,226,304
cpxR,830,562,426,2460,350,1154,970,352,444,676,1200,848,226,488,388,644,664,1064,588,424,400,1084,664,614
evgS,2176,5230,1240,32004,2182,3700,4672,834,2588,2494,4348,3300,990,1736,1716,3226,1750,4484,884,1424,1070,3722,1322,2054
arlR,584,868,350,3500,558,774,624,304,1090,858,776,728,326,620,590,608,570,684,420,358,572,680,902,502
arlS,104,144,34,2424,36,114,164,20,310,14,82,96,0,80,12,236,44,288,44,44,30,186,40,98
JOHN-1 beta-lactamase,4,0,0,0,8,0,0,0,0,4,0,2,0,0,2,0,6,0,0,24,4,0,4,0
DIM-1,6,10,0,0,0,2,14,0,0,0,8,6,0,0,0,16,0,4,0,0,0,20,0,4
GOB-1 beta-lactamase,0,14,0,0,0,0,0,0,0,0,0,0,0,0,0,0,0,0,0,0,0,0,0,0
THIN-B beta-lactamase,184,162,64,24,2,180,532,120,36,12,116,68,54,30,30,180,20,360,54,2,26,344,14,246
AIM-1,16,132,0,0,0,4,26,0,8,26,6,6,0,8,2,14,2,4,14,0,8,0,0,6
SMB-1 beta-lactamase,0,36,0,0,0,0,22,16,0,0,0,0,0,0,0,18,0,0,0,0,0,0,0,2
CAU-1 beta-lactamase,0,32,0,0,0,0,0,0,0,4,0,0,0,0,0,0,0,0,0,0,0,0,0,0
BJP-1,10,0,0,0,0,14,2,0,0,0,58,22,0,0,0,0,0,0,0,0,0,2,18,6
sgm,2,38,12,222,0,10,32,0,20,4,2,20,0,12,28,14,20,48,2,0,10,30,2,22
oleD,8,10,0,0,0,40,28,8,0,2,0,30,20,0,0,16,8,28,6,0,0,68,0,16
oleI,0,0,0,328,0,0,0,0,0,0,0,0,0,2,0,0,0,0,0,0,0,0,0,0
TEM-112,0,0,0,0,6,0,0,0,4,0,0,0,0,0,0,0,0,0,0,14,0,0,0,10
bleomycin resistance protein (BRP),0,2,0,0,0,0,0,0,6,22,0,2,0,4,8,0,0,0,2,0,0,0,4,4
mecC,42,208,70,2322,98,148,208,36,352,100,148,98,14,36,16,400,208,190,18,132,88,128,156,124
mdtL,0,0,0,0,0,0,32,0,0,0,0,0,0,0,0,0,0,0,0,0,0,0,0,0
mdtH,0,0,0,0,0,0,0,0,0,0,0,0,0,0,0,0,24,0,0,0,0,0,0,0
desR,354,1028,116,1634,118,490,1112,142,420,280,472,440,128,312,450,618,156,1118,184,94,220,792,298,738
oleR,420,1280,222,5634,42,930,1952,216,680,414,722,684,314,390,356,868,148,1780,344,92,182,1708,126,956
tlrB conferring tylosin resistance,0,32,0,0,0,0,0,0,52,0,0,2,0,0,0,0,14,0,0,16,0,0,4,0
RlmA(II),0,12,0,0,0,0,0,0,0,0,0,0,0,0,0,0,0,0,0,0,0,0,0,0
chrB,0,0,0,0,0,0,0,0,0,8,0,0,0,8,0,0,0,0,0,0,2,0,22,0
VgbA,14,2,22,22,0,22,2,2,0,60,46,14,0,10,4,6,4,2,24,0,8,0,66,2
VgbB,0,2,0,12,0,0,0,0,0,26,0,2,0,10,4,0,0,0,2,0,6,0,26,0
facT,494,184,32,292,8,124,36,26,220,166,116,134,78,118,320,82,150,132,90,28,122,106,262,70
mdtG,30,42,60,1084,10,44,60,12,52,16,38,50,6,12,18,44,0,74,34,0,56,32,42,28
mdtD,174,48,84,1644,6,164,56,16,112,362,202,132,148,274,310,54,72,66,114,2,192,46,298,82
OXA-2,2,0,2,0,60,0,4,2,0,8,0,0,0,2,0,0,42,0,8,20,0,0,0,2
OXA-3,0,2,0,0,4,0,2,0,0,0,0,0,0,0,0,0,4,0,0,6,0,0,0,2
OXA-20,0,0,0,0,0,10,0,0,0,0,46,22,0,0,0,2,0,0,0,0,0,0,0,0
OXA-101,2,0,0,0,8,2,0,0,10,0,0,0,0,0,0,0,16,0,0,12,0,0,0,2
OXA-210,0,0,0,0,0,0,0,0,0,0,0,0,0,0,0,0,14,0,0,4,0,0,0,0
OXA-370,22,0,2,0,0,74,0,6,0,0,56,34,0,0,0,14,14,0,22,0,0,0,0,0
OXA-162,0,20,0,0,0,0,0,0,0,0,0,0,0,0,0,0,0,0,0,0,0,0,0,0
OXA-244,0,12,0,0,0,0,2,0,16,0,0,0,0,2,0,0,0,24,0,0,0,0,0,8
OXA-204,0,0,0,16,0,0,0,0,0,0,0,0,0,0,0,0,0,0,0,0,0,0,0,0
OXA-247,0,0,0,0,0,0,0,0,0,12,0,0,0,0,0,0,0,0,0,0,18,0,2,0
OXA-62,0,0,0,0,88,0,0,0,0,0,0,0,0,0,0,0,0,0,0,0,0,0,0,0
OXA-50,10,4,0,0,0,0,8,0,8,18,0,2,0,8,26,22,6,4,28,4,4,4,10,8
OXA-46,0,2,0,0,4,2,0,0,2,0,0,0,0,0,0,22,4,0,0,4,0,0,0,0
OXA-198,8,2,16,0,16,0,6,0,24,0,14,0,2,6,2,0,8,10,0,0,6,14,32,2
OXA-53,0,0,14,0,0,0,0,0,18,2,0,0,0,2,0,0,16,0,26,10,0,0,2,0
OXA-129,0,0,0,0,20,0,0,0,10,0,0,0,0,0,0,0,20,0,0,14,0,0,0,8
OXA-54,0,0,0,0,0,0,0,0,0,0,0,0,0,0,0,0,32,0,0,2,0,0,0,0
ACC-2,18,0,0,0,6,2,2,0,160,0,2,0,0,0,0,0,354,0,2,86,0,2,0,0
ACC-3,0,0,0,0,0,0,0,0,0,0,0,0,0,0,6,0,0,0,0,0,10,0,0,0
CTX-M-64,0,0,0,198,0,0,0,0,0,0,0,0,0,2,0,0,0,0,0,0,0,0,0,0
CTX-M-74,0,6,0,0,0,0,0,0,0,0,0,0,0,0,0,0,0,0,0,0,0,0,0,0
IMP-20,0,16,0,0,0,0,0,0,0,2,0,0,0,0,0,0,0,0,0,0,0,0,0,0
CARB-14,4,0,4,0,0,0,0,6,0,0,2,0,0,4,0,0,0,0,14,0,4,0,0,0
KPC-16,0,20,0,0,46,0,4,0,0,0,0,0,0,0,2,10,24,2,2,30,0,0,0,0
GES-8,0,0,0,0,0,0,0,0,2,0,0,0,0,0,0,0,0,0,0,0,0,0,0,0
GES-13,0,2,0,0,0,0,0,0,0,0,0,0,8,0,4,0,4,0,0,0,0,2,0,8
GES-18,0,0,0,0,0,0,0,0,2,0,0,0,0,0,0,0,2,0,10,0,0,0,0,0
PER-6,0,0,0,0,0,0,0,0,0,0,0,0,0,16,0,0,0,0,0,0,0,0,0,0
VEB-5,14,0,0,0,0,0,0,0,0,0,0,0,0,0,0,0,0,0,0,0,0,0,0,0
VEB-7,0,0,0,0,0,0,0,0,0,0,0,0,0,0,0,0,38,0,0,4,0,0,0,0
VEB-8,0,0,0,0,0,0,4,0,0,0,0,0,0,0,0,0,0,14,0,0,0,0,0,0
VEB-9,0,0,6,4,64,0,0,0,0,0,0,0,0,4,2,0,2,0,0,6,40,0,66,0
OXY-2-9,0,0,0,0,0,0,0,0,0,0,0,0,10,0,10,0,0,0,0,0,0,0,0,0
OKP-A-6,0,0,0,0,14,0,0,0,0,0,0,0,0,0,0,0,8,0,0,6,0,0,0,0
AER-1,0,0,0,0,0,0,0,0,0,0,0,0,0,0,0,0,12,0,0,0,0,0,0,0
LRA-1,2,0,0,0,0,2,0,2,0,0,10,0,0,0,0,0,0,0,4,0,0,0,0,0
LRA-5,10,102,6,0,0,24,170,6,58,10,6,6,10,2,6,48,0,264,4,0,0,194,8,132
LRA-2,4,16,6,0,0,4,48,28,2,2,8,2,6,0,0,6,0,60,6,2,0,30,0,34
LRA-8,4,2,0,0,0,4,54,2,0,0,0,0,0,0,2,0,0,38,2,0,0,18,0,8
LRA-10,0,0,28,0,2,0,0,0,0,0,0,0,0,0,0,0,0,0,0,6,4,0,10,0
LRA-18,0,0,0,0,12,0,0,0,0,0,0,0,0,0,0,0,0,0,4,6,0,0,0,0
PDC-2,0,0,0,0,0,0,0,0,0,0,0,0,0,0,0,0,6,0,0,0,0,0,0,0
LRA-3,0,2,0,0,0,0,0,0,0,0,0,4,0,0,0,10,0,0,0,0,0,0,0,0
LRA-12,4,16,0,0,0,26,12,0,0,0,46,54,0,2,0,34,2,0,0,0,0,0,0,2
LRA-17,0,0,0,0,0,0,0,4,0,16,0,0,0,2,0,0,0,0,0,0,0,0,0,0
LRA-19,22,0,0,0,0,22,0,0,0,2,32,10,0,4,0,0,2,0,8,0,6,0,0,0
novA,4192,3382,1934,9840,1474,4902,1798,892,2864,3564,5890,4464,1120,2436,2920,2528,3296,2040,3214,1872,2094,2086,1842,2236
AAC(2')-Ib,0,0,2,0,0,0,0,0,8,26,0,0,10,10,26,0,0,0,0,0,20,0,34,0
AAC(2')-Ic,0,0,0,0,0,0,0,0,0,0,0,0,0,0,0,2,0,0,6,0,0,0,12,0
AAC(3)-Id,0,0,0,16,0,0,4,0,0,0,0,0,0,0,0,0,0,0,0,0,0,20,0,2
AAC(3)-Ic,4,0,0,130,0,0,0,0,0,0,0,0,0,0,0,0,0,0,0,0,0,0,0,0
AAC(3)-IIIa,0,0,0,470,0,0,0,0,0,2,0,0,0,0,0,0,0,0,0,0,4,0,0,0
AAC(3)-IIIb,0,0,0,0,0,0,2,0,10,0,0,0,0,0,0,0,0,10,4,0,0,18,0,0
AAC(3)-IIIc,0,18,0,14,0,0,0,0,32,0,0,0,0,0,2,0,0,2,0,0,0,0,0,2
AAC(3)-IV,56,114,0,0,0,14,18,6,0,0,14,12,6,0,0,8,0,6,6,0,0,0,0,12
AAC(3)-VIIa,0,70,0,0,0,0,0,0,0,0,0,0,0,0,0,0,0,0,0,0,0,0,0,0
AAC(3)-VIIIa,8,0,8,0,0,2,10,2,0,22,0,2,2,10,26,8,0,8,10,0,12,28,2,26
AAC(3)-IXa,20,0,0,0,0,6,0,0,0,0,6,4,0,2,0,0,0,0,4,0,0,0,0,0
AAC(3)-Xa,2,0,6,0,0,0,0,0,0,16,0,0,0,8,22,0,0,0,0,0,4,0,4,0
AAC(6')-Ia,0,10,0,0,0,0,0,0,0,0,0,0,0,0,0,0,0,0,0,0,0,0,0,0
AAC(6')-Ii,0,0,0,110,0,0,0,6,0,4,0,0,0,12,0,0,0,0,0,0,0,0,0,0
AAC(6')-Isa,0,0,0,0,0,0,0,0,0,14,0,0,0,12,6,0,0,0,0,0,2,0,0,0
AAC(6')-Iz,0,64,0,0,0,0,0,0,0,0,0,0,0,0,0,0,0,0,0,0,0,0,0,0
AAC(6')-Ib7,0,0,6,0,14,4,0,0,44,0,0,0,0,0,0,0,22,0,10,10,0,0,0,2
AAC(6')-32,12,0,0,0,0,0,0,4,0,0,0,0,0,0,0,0,0,0,0,0,0,0,0,0
AAC(6')-33,0,0,0,176,0,0,0,0,0,2,0,0,0,0,0,0,0,0,0,0,0,0,0,0
AAC(6')-I30,14,16,0,0,0,0,18,2,0,0,0,2,0,16,2,0,0,0,0,16,4,0,8,0
AAC(6')-Iid,0,0,0,178,0,0,0,0,0,0,0,0,0,0,0,0,0,0,0,0,0,0,2,0
AAC(6')-Ib-SK,2,12,0,0,0,18,6,10,0,6,10,10,0,0,4,20,2,0,0,0,0,8,0,4
AAC(6')-IIa,0,0,0,0,2,0,0,0,8,0,0,0,0,0,0,0,2,0,0,0,0,0,0,0
AAC(6')-Ie-APH(2'')-Ia,0,0,0,0,0,0,0,4,0,0,0,0,0,4,0,2,4,0,0,0,0,0,0,0
AAC(3)-Ib/AAC(6')-Ib'',0,0,0,0,0,4,0,0,24,0,16,0,0,0,0,0,0,0,0,0,0,0,0,0
aadA2,2,2,24,0,16,0,2,2,78,4,0,4,0,0,0,0,14,0,0,14,0,0,0,0
aadA5,0,0,0,0,4,0,0,0,4,0,2,2,0,2,0,10,10,0,0,8,0,0,0,0
aadA8,4,0,4,0,10,0,2,0,18,0,2,4,0,0,0,0,20,0,0,6,2,0,0,0
aadA13,0,0,0,0,0,2,0,0,0,0,0,0,0,0,0,0,4,0,0,4,0,0,0,0
aadA16,2,2,0,0,22,0,6,0,20,0,0,4,0,0,0,6,12,2,2,36,0,0,0,0
ANT(6)-Ia,70,56,12,826,0,10,30,10,16,20,2,14,0,6,2,18,0,22,8,0,2,4,0,14
aadK,0,0,0,10,0,0,0,6,0,0,0,0,0,0,0,0,0,0,16,0,0,0,0,0
aad(6),0,4,0,0,0,12,14,4,0,0,10,16,0,0,0,2,0,10,10,0,0,2,0,6
ANT(6)-Ib,4,0,0,296,0,2,30,0,6,0,2,0,0,0,0,14,0,14,0,0,0,16,0,12
ANT(9)-Ia,22,22,4,0,0,0,14,0,0,2,0,0,0,4,4,0,0,0,10,0,2,0,0,0
APH(3'')-Ib,2,0,2,0,4,0,0,0,26,0,0,0,0,0,0,0,2,0,0,14,0,0,0,0
APH(3')-IIIa,18,4,10,0,6,0,4,86,4,8,0,4,10,10,0,2,14,2,10,10,8,8,8,6
APH(6)-Ia,2,0,18,0,0,2,18,0,0,28,0,4,0,18,44,0,0,10,22,0,10,0,0,28
APH(6)-Ib,98,172,8,0,0,34,4,0,4,22,8,16,0,16,30,0,28,4,50,0,6,0,4,0
APH(6)-Ic,2,14,0,0,0,0,0,0,0,0,0,0,0,0,0,0,0,0,2,0,0,0,0,0
APH(6)-Id,2,0,6,0,10,0,2,0,48,0,0,0,0,0,0,2,12,0,0,18,0,0,0,0
APH(9)-Ia,14,34,6,692,0,4,4,2,0,16,4,4,0,16,46,4,0,10,66,8,8,2,0,2
APH(9)-Ib,0,0,0,0,0,0,0,0,0,6,0,0,0,8,20,0,0,0,2,0,4,0,0,0
catB3,0,0,0,0,12,0,0,0,32,0,0,0,0,0,0,0,6,0,0,4,0,0,0,0
cmlv,66,100,8,0,0,34,48,12,22,0,2,4,0,12,12,40,16,2,34,0,52,16,16,4
floR,24,0,30,0,0,20,0,8,0,26,0,2,0,10,12,4,30,0,38,0,4,0,4,0
lmrB,108,108,12,1136,0,0,0,4,6,34,0,0,0,48,68,2,0,0,24,0,54,0,6,0
clbA,308,272,136,908,124,610,344,116,252,186,526,320,174,124,106,426,284,468,196,156,66,230,84,256
clbB,1034,840,378,2256,146,1204,976,410,440,804,1516,1066,228,478,444,558,798,1042,450,166,396,868,412,622
clbC,230,220,234,340,162,308,302,86,280,200,608,454,98,206,264,218,466,428,138,450,134,342,96,216
carA,1616,1814,880,6024,608,2326,1998,432,1930,1006,2348,1512,462,766,956,1558,1414,1936,796,932,794,1480,1286,944
msrC,16,36,22,48,202,88,64,6,8,22,66,44,2,24,8,188,132,78,0,94,10,88,2,38
EreA2,22,8,18,2,118,8,4,2,54,0,8,0,0,2,0,24,114,4,4,92,0,0,0,6
tlrC,420,634,216,742,328,464,328,164,500,652,544,388,272,408,488,420,480,538,324,278,276,478,318,436
srmB,660,1342,364,2250,440,1152,1454,168,772,614,1262,914,180,464,432,1258,762,1454,286,414,500,1078,574,752
vgaA,32,98,4,0,16,6,32,2,0,0,8,6,0,0,0,4,12,2,2,18,6,0,24,0
vgaALC,188,76,42,224,44,192,44,24,52,28,150,94,28,16,118,22,134,114,92,48,10,108,2,44
vgaD,484,130,152,238,174,180,138,118,174,88,302,126,14,104,40,204,260,144,204,256,96,128,88,124
vgaE,404,628,298,562,88,708,460,158,430,204,542,468,90,282,182,484,282,438,204,126,208,300,198,248
lnuA,0,0,0,0,0,0,0,2,0,0,0,2,0,0,0,0,4,0,0,0,4,0,0,0
lnuB,40,4,0,0,24,0,14,0,2,0,6,0,0,4,2,22,20,4,4,14,0,0,10,0
lnuD,4,0,0,246,0,0,0,0,6,0,0,0,4,0,0,0,0,0,0,2,0,0,0,4
lnuF,4,0,2,0,36,2,0,0,12,0,6,2,0,2,0,10,18,4,2,22,0,0,0,0
vatB,30,0,0,0,0,2,8,4,2,0,0,4,6,0,0,20,2,2,0,8,0,20,0,16
vatH,0,4,0,0,0,0,4,0,0,2,0,0,0,0,0,0,0,4,0,0,0,14,0,10
arr-1,82,152,20,392,20,4,2,2,30,94,12,2,0,48,42,24,40,0,82,34,54,0,42,12
arr-2,0,12,2,0,0,0,0,0,10,26,0,0,18,14,54,2,0,6,2,0,20,4,2,0
arr-4,2,4,0,0,0,2,16,0,4,2,0,0,0,0,10,4,18,2,0,0,8,0,0,2
arr-5,0,10,0,840,0,0,0,0,0,34,0,0,4,6,22,0,0,2,0,0,16,0,0,0
arr-8,2,0,2,0,0,0,0,0,0,12,0,0,0,0,4,0,0,0,26,0,2,0,2,0
dfrA26,80,66,32,778,16,80,150,38,50,176,118,90,10,80,54,118,58,166,24,24,66,224,116,76
dfrA12,0,0,0,0,0,2,0,0,36,32,0,0,8,8,6,4,0,0,2,0,4,4,2,0
dfrC,0,0,0,0,0,0,0,0,0,0,8,2,0,2,0,0,0,0,0,0,0,0,0,0
dfrD,12,4,0,0,0,0,0,0,0,4,0,0,0,0,0,0,0,0,0,22,14,0,0,0
dfrF,0,0,0,0,0,0,0,0,0,0,0,0,0,18,0,0,0,0,0,0,0,0,0,0
dfrG,8,32,4,0,2,0,24,2,12,2,14,8,4,2,6,20,38,24,0,8,0,8,0,16
dfrK,4,0,4,0,0,2,32,8,58,0,2,0,4,0,2,6,12,50,0,0,0,26,0,16
tet34,90,76,40,442,0,54,106,50,280,68,82,58,44,86,116,160,12,190,56,2,42,144,52,200
dfrE,1384,1212,866,2844,728,1866,1482,680,824,1254,2202,1522,708,948,988,998,1282,1576,844,750,706,930,692,1006
BcII,4,2,0,24,0,10,4,0,0,0,6,2,0,0,0,4,0,0,0,0,0,0,0,0
linG,30,16,44,0,186,32,8,12,68,0,20,18,0,2,0,48,128,30,10,122,14,8,0,6
lmrC,84,66,46,916,2,206,126,60,138,86,132,214,82,74,142,170,28,236,74,26,92,224,34,204
lmrD,454,520,234,3454,168,536,358,130,370,326,614,508,122,316,280,298,486,284,278,228,226,294,162,212
rgt1438,100,302,36,1534,16,50,144,52,260,64,90,36,10,88,86,74,24,110,36,4,78,154,70,136
iri,18,108,0,18,0,72,30,2,0,182,130,38,0,18,10,64,8,14,6,0,34,2,176,18
otrA,702,408,396,410,284,982,308,198,402,342,1302,884,218,318,394,614,776,412,350,400,368,308,378,366
otrB,280,256,78,2508,56,162,88,18,640,100,454,310,26,134,116,68,158,92,134,42,132,74,202,150
tcr3,132,206,14,562,42,94,22,42,104,116,98,94,12,22,36,54,242,40,202,84,44,22,132,26
otrC,22,58,24,22,10,62,64,22,6,98,46,52,24,80,72,54,20,110,24,36,56,42,76,52
sat-3,0,0,0,0,0,0,0,0,0,0,0,0,0,0,0,0,0,0,22,2,0,0,0,0
vanE,14,20,2,156,0,22,76,6,174,0,56,44,4,4,10,92,10,76,0,0,4,60,32,36
vanF,112,0,48,278,0,0,0,6,0,12,2,2,2,10,38,0,0,0,30,2,18,0,6,0
vanG,168,112,68,556,30,120,142,18,76,84,180,86,0,58,52,92,106,108,122,14,50,36,222,68
vanL,54,148,10,196,0,376,630,42,2,18,322,222,14,46,22,268,12,498,18,0,14,416,66,236
vanM,20,20,20,128,0,4,46,54,0,22,0,36,16,8,0,4,10,48,34,0,0,36,2,46
vanN,0,12,2,72,0,0,0,0,0,24,0,0,0,4,6,0,12,0,0,0,12,0,2,0
vanO,88,12,40,76,14,266,48,44,0,50,230,148,0,12,12,12,70,34,46,2,22,12,82,2
vanJ,0,0,0,20,0,0,0,0,0,0,0,0,0,0,0,0,0,0,12,0,0,0,0,0
vanRA,8,20,10,316,0,10,0,2,60,36,2,6,2,60,0,6,2,10,6,0,6,0,14,0
vanRB,48,4,4,0,0,14,34,0,22,8,32,20,10,6,18,40,0,46,0,2,0,16,0,48
vanRC,20,38,0,180,0,42,14,6,52,6,68,52,0,26,2,10,64,18,2,0,4,4,0,2
vanRE,62,160,18,2274,52,62,74,46,164,42,86,66,12,28,22,56,16,154,74,22,10,76,42,84
vanRF,446,656,138,3088,38,454,516,268,496,442,408,522,194,298,370,382,146,688,210,16,344,588,232,382
vanRG,96,58,44,502,6,4,38,26,0,62,6,16,6,24,14,22,100,30,38,20,40,30,26,6
vanRL,152,30,26,620,0,50,118,22,64,74,40,36,22,42,38,42,10,136,12,30,18,102,12,40
vanRM,206,192,92,1600,24,218,298,68,208,220,134,182,108,142,174,206,46,282,118,30,190,222,280,164
vanRN,30,18,16,496,0,70,22,34,34,36,50,58,0,24,8,6,10,6,42,0,8,20,28,2
vanRO,200,80,54,306,36,202,86,28,28,150,174,154,28,86,76,176,132,50,108,20,58,88,154,126
vanSF,0,2,8,0,0,22,0,0,0,0,2,16,0,2,0,82,0,4,8,0,0,4,0,2
vanSG,4,32,0,0,0,40,216,10,28,0,14,30,0,4,0,82,0,136,0,0,0,186,0,98
vanSL,0,0,0,0,0,0,0,0,0,0,0,0,0,0,0,0,0,0,0,0,24,0,0,0
vanSM,4,28,8,190,0,30,16,10,6,36,66,36,0,24,48,6,12,24,2,34,34,32,140,28
vanSN,0,0,0,0,2,0,0,6,0,0,0,0,0,0,0,0,0,0,0,0,0,0,0,0
vanSO,86,74,10,74,0,84,20,10,2,28,40,42,0,42,50,62,40,12,68,0,32,10,8,46
vanHA,188,196,62,980,0,396,380,130,158,80,366,276,50,72,52,262,52,498,92,0,26,420,94,116
vanHB,60,272,80,1766,10,116,138,28,114,184,138,78,70,104,156,54,42,96,66,26,42,138,52,158
vanHD,108,32,56,1356,50,212,68,128,62,124,238,168,50,112,114,126,78,128,122,32,28,144,98,46
vanHF,150,122,16,620,2,452,576,72,200,0,406,314,36,30,6,328,74,374,44,8,2,252,68,268
vanHM,12,4,14,248,2,32,52,0,14,0,74,22,0,6,4,78,2,74,2,0,10,72,20,64
vanHO,128,302,28,1056,94,132,112,24,72,164,104,126,32,106,84,114,16,52,46,56,52,104,42,54
vanXA,2,4,0,2,0,0,4,2,4,26,0,0,34,12,8,26,0,26,0,0,12,0,30,0
vanXB,6,22,0,0,0,10,36,22,0,40,108,58,2,4,22,80,0,78,0,0,4,20,10,28
vanXF,4,4,8,0,0,4,18,10,0,10,2,8,0,4,0,18,0,40,2,0,30,50,34,32
vanXM,20,72,2,0,0,12,26,2,22,6,2,2,10,4,4,20,10,12,0,0,2,0,34,4
vanXO,12,22,16,16,0,20,68,8,72,64,12,12,20,18,10,12,6,82,6,0,8,64,6,34
vanWG,6,0,0,18,0,0,0,0,0,2,0,0,0,10,0,0,0,0,0,0,0,0,0,0
vanTE,48,0,16,936,0,4,0,2,0,72,0,6,6,76,32,4,10,0,20,34,24,0,12,0
vanTG,900,712,320,2686,306,1444,1544,262,778,418,1520,1050,200,304,270,838,692,1486,354,330,318,1062,532,654
vanTrL,40,116,34,0,4,68,52,20,26,46,60,26,0,36,26,4,96,6,50,2,14,6,8,2
vanTN,0,2,0,102,0,34,64,2,4,2,16,6,0,10,2,2,6,2,38,0,10,0,46,0
amrA,42,16,36,0,86,2,2,6,4,34,0,0,28,22,56,6,98,2,42,90,24,4,16,0
amrB,48,312,58,138,232,198,584,46,296,98,282,156,90,86,150,474,252,396,26,128,48,406,98,306
arnA,360,302,398,1678,232,666,818,208,704,236,676,640,56,242,140,448,546,842,270,334,266,550,544,306
bacA,1024,542,444,2048,516,1088,686,204,544,736,1150,762,116,546,502,770,1096,938,510,632,452,402,572,388
bcrA,4538,4356,1348,28400,1896,4850,3492,1440,3134,2554,5958,4174,910,2086,1956,3324,2732,4186,2282,1504,1856,3300,2940,2542
LCR-1,4,0,0,0,0,16,0,0,46,0,52,14,0,0,0,2,4,0,2,12,0,0,0,0
blt,4,0,0,58,0,12,10,2,0,0,0,10,0,0,0,8,4,18,0,0,0,22,0,4
bmr,28,12,10,2,0,28,26,4,0,0,18,38,8,0,2,24,10,44,8,0,4,52,0,8
ceoB,832,886,548,1350,948,1528,2024,392,1120,620,1808,1478,308,614,368,1256,980,1738,646,862,596,1370,734,1226
dfrA20,10,0,0,0,0,0,0,0,0,0,0,0,0,0,0,0,0,0,0,0,0,0,0,0
dfrA21,0,0,0,0,0,0,0,0,28,0,0,2,4,0,6,0,0,6,28,0,2,10,0,0
dfrA22,12,2,40,2,22,14,12,6,36,0,4,4,8,4,6,18,2,18,4,0,24,18,22,6
lmrA,0,28,0,0,0,0,0,0,16,0,0,0,0,0,0,0,0,4,0,0,0,0,0,2
mexV,530,590,406,866,470,456,634,162,1038,674,622,452,188,510,494,828,602,716,194,444,452,440,574,354
mexW,3750,3596,2402,10694,3200,6268,7546,1682,6668,3096,7248,5244,1228,2760,2308,4918,5252,6046,2002,3390,2134,5342,2936,3428
mexY,82,20,70,4,108,78,124,4,32,6,30,54,18,6,18,50,140,34,20,50,40,8,98,32
mfpA,0,0,0,0,0,0,0,0,0,14,0,0,0,2,10,0,0,0,0,0,4,0,16,0
oleB,1288,1652,660,9224,638,2268,1864,412,1188,1298,2300,1732,288,952,912,1294,1712,2262,968,1032,522,1530,456,1030
opcM,36,8,18,4,78,32,2,0,176,44,26,10,0,22,12,18,74,4,16,98,22,4,20,6
oprA,212,86,48,2,84,180,232,66,252,60,186,168,30,50,10,208,154,210,106,146,14,74,6,104
Streptococcus pneumoniae PBP1a conferring resistance to amoxicillin,1578,2944,1210,9536,1066,3760,2494,552,2968,3192,4614,3110,888,2204,2196,1804,2244,2558,1434,1346,1692,1956,2528,1496
Streptococcus pneumoniae PBP2b conferring resistance to amoxicillin,28,0,4,0,0,0,0,0,134,2,0,0,0,4,0,0,0,2,4,0,24,0,0,2
Streptococcus pneumoniae PBP2x conferring resistance to amoxicillin,84,188,26,1396,0,42,84,10,2,44,52,94,18,14,12,64,18,94,30,0,30,122,0,34
qacA,22,54,6,0,0,0,0,2,6,26,0,0,16,34,92,0,0,0,12,0,18,0,2,0
qacB,0,14,2,0,0,14,16,2,48,0,0,6,8,14,6,12,0,22,8,0,2,50,2,22
rosA,94,24,52,120,10,58,120,30,116,232,80,56,152,128,156,128,38,62,66,30,164,74,374,150
rosB,502,762,252,2360,908,380,456,114,638,430,722,542,112,188,132,718,978,564,402,782,232,368,428,242
smeA,224,18,40,2,46,64,30,56,44,42,72,46,18,34,16,26,148,66,78,26,26,44,58,34
smeB,72,102,32,112,20,134,362,58,352,442,220,110,48,174,160,166,38,416,28,24,160,376,340,98
smeC,54,118,16,352,66,10,2,10,6,2,4,4,48,4,4,6,36,10,26,30,20,78,2,14
smeD,464,88,162,10,514,250,326,68,116,152,150,110,22,150,134,148,726,296,176,502,108,258,122,126
smeE,676,252,286,1732,1028,1032,952,200,398,410,664,520,100,236,294,366,1276,754,472,736,210,672,336,446
smeF,192,84,118,0,430,118,76,60,98,118,232,158,30,86,76,148,268,100,142,248,66,172,98,60
tmrB,0,0,0,0,0,0,0,0,0,2,0,0,0,0,4,0,0,0,0,0,14,0,0,0
tsnr,72,130,20,932,16,16,2,8,156,70,24,26,10,30,132,48,30,62,92,44,88,8,122,4
smeR,1016,924,586,3114,456,1290,1332,394,504,734,1286,1060,200,638,534,936,756,1412,628,456,462,1234,428,778
smeS,738,662,340,6030,208,628,446,130,426,798,776,488,126,438,488,300,498,640,452,398,402,588,508,402
Staphylococcus aureus cls conferring resistance to daptomycin,636,1610,600,632,352,1042,1166,304,2438,760,1270,952,702,730,778,754,688,1880,380,478,586,1212,476,758
Enterococcus faecium liaR mutant conferring daptomycin resistance,3352,3456,1336,33082,498,3222,2644,1260,2442,2744,2922,3208,1188,2214,2548,1520,1864,3374,1906,860,1398,3142,1660,1858
Enterococcus faecium liaS mutant conferring daptomycin resistance,0,0,0,0,0,0,0,0,0,10,0,0,0,4,0,0,0,0,0,0,42,0,0,0
Enterococcus faecium cls conferring resistance to daptomycin,172,304,154,360,78,242,254,60,348,306,200,190,104,214,316,126,180,536,106,76,226,306,152,166
dfrA3,698,640,374,766,282,1232,1116,462,382,430,1432,1024,244,396,324,908,632,1116,462,320,224,822,234,652
mefB,170,392,42,1390,2,132,232,74,118,64,82,106,20,80,102,100,50,184,106,60,34,164,30,100
msrE,78,4,0,0,0,22,2,6,138,0,8,0,0,6,4,0,52,8,0,20,2,0,0,0
catB10,0,0,0,0,0,0,0,0,16,0,0,0,0,0,0,0,0,0,0,0,0,0,0,0
lsaB,4,0,10,0,0,2,0,4,4,16,2,2,0,42,8,0,0,0,14,0,14,0,30,0
lsaC,0,2,0,0,0,4,34,0,0,2,6,14,0,4,0,4,0,18,0,0,0,24,0,22
CARB-22,16,0,0,0,0,0,0,0,0,0,0,0,0,0,0,0,0,0,0,0,0,0,0,0
GIM-2,0,0,0,0,0,2,10,0,0,0,0,0,0,0,0,4,0,0,0,0,0,0,0,0
TLA-1,0,18,4,0,0,0,2,0,4,2,0,0,0,2,0,0,0,0,0,0,0,0,0,0
TLA-2,10,26,2,14,0,8,64,4,304,58,0,0,0,24,26,24,0,132,22,0,12,32,8,64
Mycobacterium tuberculosis rpoB mutants conferring resistance to rifampicin,1970,2136,940,5660,792,1860,1106,532,1596,2362,1700,1432,1096,1662,2148,1170,1822,1468,2708,980,1636,1022,1522,1594
Mycobacterium leprae rpoB mutants conferring resistance to rifampicin,1278,1246,866,1840,878,1084,854,546,820,1462,1182,818,554,1140,1348,678,1292,890,1384,898,1142,808,1232,1120
Staphylococcus aureus rpoB mutants conferring resistance to rifampicin,1492,1294,868,2092,1058,1280,864,714,1458,1318,1630,1010,448,1126,886,1204,1712,1174,1106,1736,1202,994,1210,1006
Escherichia coli rpoB mutants conferring resistance to rifampicin,10300,8648,7894,17160,8534,11780,9594,5898,8212,8230,13596,9864,4102,6946,6890,9690,13044,10094,7392,9052,6844,8584,7916,7858
Staphylococcus aureus rpoC conferring resistance to daptomycin,12630,11386,9042,24534,8088,14676,11742,6216,11030,12112,16928,11400,5614,9594,9606,11508,14246,12478,9934,9588,9126,10084,10368,10016
Escherichia coli gyrA conferring resistance to fluoroquinolones,32,220,24,24,48,46,64,52,50,24,66,56,76,26,50,36,58,56,20,44,20,40,26,74
Mycobacterium tuberculosis gyrA conferring resistance to fluoroquinolones,772,562,194,92,158,862,350,132,276,640,890,690,420,532,644,666,492,232,740,166,416,266,346,438
Staphylococcus aureus gyrA conferring resistance to fluoroquinolones,1720,2004,728,9372,670,1568,1098,542,1366,1416,2136,1528,510,1052,1006,766,1442,1386,1234,642,910,1420,1038,1042
Bartonella bacilliformis gyrA conferring resistance to fluoroquinolones,1390,1614,1212,3576,926,1348,1298,712,1190,2462,1686,1208,1262,1782,2112,1670,1518,1542,1866,1064,1628,1534,1968,1882
Mycobaterium leprae gyrA conferring resistance to fluoroquinolones,124,184,74,26,62,220,136,44,306,484,120,132,180,272,446,128,110,184,212,116,180,168,174,198
Staphylococcus aureus gyrB conferring resistance to aminocoumarin,1426,1468,1024,7406,786,1376,1060,438,810,1752,1698,978,784,1326,1204,1014,1262,1092,1232,718,1106,998,1456,1032
Bartonella bacilliformis gyrB conferring resistance to aminocoumarin,1088,1074,988,2340,658,1136,1028,568,832,1796,1242,942,760,1344,1418,1328,1102,1106,1218,816,1192,1034,1298,1474
Escherichia coli gyrB conferring resistance to aminocoumarin,1468,954,1026,4926,1356,2852,2288,830,1570,880,3078,2290,524,908,654,2080,2184,2224,846,1384,772,1908,1186,1174
Mycobacterium leprae gyrB conferring resistance to fluoroquinolone,242,372,74,50,108,102,122,74,296,344,138,94,140,178,298,132,154,88,352,90,230,100,138,174
Ureaplasma urealyticum  gyrB conferring resistance to fluoroquinolone,368,340,120,690,70,318,364,144,152,170,210,184,184,140,164,204,206,300,194,72,148,156,270,190
Morganella morganii gyrB conferring resistance to fluoroquinolone,1134,940,984,750,1324,1186,1000,528,1168,798,1770,1020,300,768,636,882,1878,850,826,1432,764,782,862,834
Salmonella serovars gyrB conferring resistance to fluoroquinolone,2656,1960,1778,2242,1746,2948,3014,1280,1098,1646,3966,2888,566,1368,1116,2014,3136,2716,1592,2118,1132,2406,1606,1786
Escherichia coli parC conferring resistance to fluoroquinolone,6,0,16,54,4,10,8,8,0,12,18,6,26,14,8,62,0,0,4,2,10,2,24,4
Ureaplasma urealyticum parC conferring resistance to fluoroquinolone,0,0,0,0,0,98,0,0,0,0,0,0,0,0,0,136,0,0,0,0,0,0,0,0
Mycoplasma hominis parC conferring resistance to fluoroquinolone,0,6,0,0,0,0,6,0,2,0,0,0,0,2,0,32,0,0,0,0,0,0,0,0
Streptococcus pneumoniae parC conferring resistance to fluoroquinolone,104,174,6,2,16,12,2,16,0,22,102,24,64,12,16,8,34,10,26,20,20,70,6,6
Staphylococcus aureus parE conferring resistance to aminocoumarin,134,70,60,60,92,36,68,32,162,98,58,24,36,60,30,160,82,128,142,106,112,42,118,76
Staphylococcus aureus parE conferring resistance to fluoroquinolones,8,10,6,16,0,12,36,4,86,14,22,34,0,28,6,24,54,20,10,0,0,12,4,18
Escherichia coli parE conferring resistance to fluoroquinolones,294,114,178,40,226,176,360,116,204,170,136,188,68,172,84,244,372,276,164,272,184,248,138,172
Salmonella serovars parE conferring resistance to fluoroquinolones,592,166,468,266,570,644,414,240,412,310,836,582,180,258,310,316,746,338,414,522,242,366,182,354
Streptomyces rishiriensis parY mutant conferring resistance to aminocoumarin,270,318,82,30,116,66,60,32,610,352,42,56,208,292,534,108,116,188,320,68,270,54,36,50
Staphylococcus aureus mprF mutations conferring resistance to daptomycin,0,0,2,0,0,0,0,0,0,28,0,0,0,0,18,0,0,0,0,0,2,0,0,0
Staphylococcus aureus pgsA mutations conferring resistance to daptomycin,14,6,0,0,0,4,0,0,0,0,0,0,0,2,4,0,10,0,10,0,10,0,24,0
Bacillus subtilis mprF,10,0,2,1914,0,0,0,2,10,6,0,6,0,0,2,0,0,0,4,2,20,0,0,0
Mycobacterium bovis embB mutations conferring resistance to ethambutol,0,0,0,0,0,0,0,2,2,44,0,0,6,0,6,0,54,0,2,6,8,0,68,0
Mycobacterium tuberculosis mutant embC conferring resistance to ethambutol,10,2,2,0,20,10,2,6,0,140,4,0,16,8,74,14,44,16,46,12,32,0,158,0
Clostridium difficile EF-Tu mutants conferring resistance to elfamycin,380,656,282,500,220,288,348,294,252,336,320,266,192,366,320,356,306,380,214,250,288,366,222,426
Streptomyces cinnamoneus EF-Tu mutants conferring resistance to elfamycin,352,520,256,1110,198,400,280,170,404,470,206,286,324,372,404,270,332,312,468,264,402,200,398,282
Planobispora rosea EF-Tu mutants conferring resistance to inhibitor GE2270A,512,482,186,960,154,366,178,170,600,370,480,374,224,336,390,200,290,214,470,190,316,122,242,232
Escherichia coli EF-Tu mutants conferring resistance to Pulvomycin,528,158,234,214,52,308,218,174,260,136,422,240,208,170,126,288,350,210,240,62,120,224,62,94
Escherichia coli EF-Tu mutants conferring resistance to Enacyloxin IIa,6038,4258,4798,6508,4678,6694,5458,4384,4210,4980,6544,5346,3208,4720,4962,5364,7166,6164,4752,4786,4482,4888,4700,4908
Enterobacter aerogenes acrR mutation conferring antibiotic resistance,2,0,0,0,0,0,2,0,0,0,0,0,0,0,0,26,0,2,0,0,0,0,0,0
Escherichia coli soxR mutants,96,112,36,50,4,20,50,10,22,78,4,14,18,28,36,26,2,80,62,0,28,26,16,54
Salmonella enterica soxR mutants,0,14,10,0,0,16,2,0,14,60,38,12,14,48,40,14,0,24,14,0,22,10,8,8
Escherichia coli sulfonamide resistant mutant folP,1526,1358,842,3614,800,2616,2166,630,1214,1372,2502,1946,656,964,900,1836,1500,2256,986,890,606,1770,1318,1130
Streptococcus pyogenes sulfonamide resistant folP mutants,114,114,52,838,28,100,60,22,108,128,194,90,34,110,116,82,64,68,28,40,74,100,68,22
Mycobacterium leprae dapsone resistant folP mutants,462,210,68,2088,44,296,44,48,346,152,346,226,46,96,176,140,124,114,168,36,158,108,192,104
Mycobacterium tuberculosis katG mutations conferring resistance to isoniazid,6998,6314,5066,5134,5224,6840,6982,3444,7142,6718,6676,5176,3728,6014,5744,6782,6768,7860,5066,4944,4844,6782,6220,6612
Mycobacterium tuberculosis inhA mutations conferring resistance to isoniazid,208,216,82,34,20,302,120,26,216,320,234,218,72,228,240,178,98,86,296,26,158,122,150,172
Mycobacterium tuberculosis pncA mutations conferring resistance to pyrazinamide,8,132,2,0,6,44,28,10,124,28,50,50,0,8,26,58,34,0,6,2,12,14,42,0
Mycobacterium tuberculosis rpsL mutations conferring resistance to Streptomycin,992,852,810,1192,822,894,726,520,700,1030,944,768,474,798,956,754,1214,866,980,946,882,674,802,778
Enterococcus faecium EF-Tu mutants conferring resistance to GE2270A,3290,3120,2546,5480,1840,3452,3044,2218,2226,3240,3886,3008,1794,2592,2880,2938,2852,3500,2524,2196,2672,3042,2734,2974
mecB,450,612,214,624,110,636,674,180,436,320,1056,558,24,258,132,368,366,700,214,58,236,368,370,258
cfrA,58,188,22,1618,90,186,130,28,66,72,198,138,28,76,144,230,90,78,70,80,48,96,78,48
Mycobacterium tuberculosis tlyA mutations conferring resistance to aminoglycosides,768,672,488,2792,382,906,460,180,1014,978,922,696,314,632,730,554,672,746,676,472,554,654,784,618
Mycobacterium tuberculosis iniA mutant conferring resistance to Ethambutol,8,2,2,0,2,2,14,2,6,66,0,0,0,8,10,2,16,4,2,2,30,0,106,4
Mycobacterium tuberculosis iniC mutant conferring resistance to ethambutol,14,0,0,0,4,44,2,0,16,34,4,8,2,4,8,6,52,12,0,4,14,14,86,2
Mycobacterium tuberculosis embA mutant conferring resistance to ethambutol,4,2,2,0,6,12,0,8,6,92,0,4,12,16,38,20,62,2,36,16,58,0,158,2
Mycobacterium tuberculosis embR mutant conferring resistance to ethambutol,646,166,262,2,0,814,172,42,40,696,642,590,14,246,172,300,190,120,902,4,180,148,74,248
mycobacterium tuberculosis ethA mutant conferring resistance to ethionamide,1174,978,442,90,176,2084,1976,598,806,962,2084,1696,722,760,1170,1192,908,1860,632,352,652,1506,686,1070
Mycobacterium tuberculosis gyrB mutant conferring resistance to fluoroquinolone,746,764,314,134,282,582,394,178,498,870,600,516,340,452,838,622,314,496,874,292,522,458,418,566
Mycobacterium tuberculosis ndh mutant conferring resistance to isoniazid,886,1466,368,2036,234,768,356,208,564,964,940,636,150,592,506,612,390,532,440,306,548,648,838,434
Mycobacterium tuberculosis kasA mutant conferring resistance to isoniazid,3796,3410,1872,21552,1722,4944,3610,1166,3040,3674,5364,4122,1148,2378,2570,3154,3694,4526,2358,2058,2242,3590,3630,2638
Mycobacterium tuberculosis embB mutants conferring resistance to rifampicin,0,0,12,4,12,16,2,4,6,36,0,0,16,8,24,20,54,10,48,16,10,0,46,0
Mycobacterium tuberculosis gidB mutation conferring resistance to streptomycin,42,34,6,0,0,0,4,0,90,34,0,0,10,44,54,10,20,2,42,6,32,0,24,0
tetR,4,0,24,0,86,0,20,20,78,0,0,0,0,0,2,2,54,0,16,46,0,0,0,0
mdtN,26,14,60,2,2,58,186,58,162,138,28,26,34,82,64,62,6,178,20,2,126,248,136,58
mdtP,0,0,0,0,0,0,0,0,0,0,0,0,0,4,0,48,0,0,0,0,0,0,30,0
emeA,0,46,0,34,0,0,34,4,42,0,2,2,2,0,0,10,0,48,0,0,0,38,0,24
tcmA,344,410,208,2104,44,376,90,66,466,1116,302,396,252,724,842,214,286,328,428,32,406,132,1022,88
SLB-1,0,2,4,0,0,0,2,0,0,4,0,0,0,4,4,0,0,20,0,0,2,0,0,0
TLE beta-lactamase,0,0,0,0,0,0,0,0,0,2,0,0,14,2,0,0,14,0,0,0,0,0,12,0
NPS beta-lactamase,0,0,0,0,0,0,10,0,0,0,0,0,0,0,0,0,0,0,0,0,0,0,0,0
EXO beta-lactamase,0,0,0,0,0,2,0,0,0,0,0,0,0,0,0,0,0,0,0,6,0,0,0,0
LpxA,1452,1074,656,3466,970,2002,1550,646,1068,914,2542,1686,372,786,620,1306,1568,1836,838,1078,664,1316,834,1084
LpxC,1458,906,944,3624,1218,2038,1330,700,1250,1022,2354,1842,546,884,810,1324,2038,1462,870,1354,816,1030,1056,944
PmrC,386,432,116,28,56,168,150,128,192,136,118,56,54,98,42,270,190,178,174,96,34,174,34,112
PmrE,168,72,30,1062,138,38,76,18,78,78,14,36,6,90,122,146,76,84,30,60,80,32,104,56
PmrF,704,522,402,5392,450,782,498,176,772,670,882,588,104,482,532,486,778,668,282,630,404,482,862,456
PmrA,1620,1006,1008,4418,1580,1334,822,426,1470,1122,1474,1264,444,928,1000,1094,1792,1132,878,1528,952,752,1222,668
PmrB,520,340,492,1186,750,490,150,120,408,310,532,446,4,130,100,254,852,108,482,720,176,120,228,60
Klebsiella mutant PhoP conferring antibiotic resistance to colistin,12,4,50,64,6,66,8,6,64,162,18,28,22,138,164,48,18,28,6,12,78,22,74,20
OXA-454,12,0,2,0,0,0,0,24,0,0,0,0,0,0,0,0,0,0,0,0,0,0,0,0
NmcR,106,26,98,614,76,220,182,36,38,170,358,118,74,172,160,152,34,198,46,70,106,184,84,86
PEDO-1,10,0,0,0,0,2,10,0,0,0,0,0,0,0,0,0,0,4,0,0,0,4,0,0
TriA,2,0,6,0,36,0,0,4,0,98,0,0,0,32,10,6,28,0,26,30,18,0,72,0
TriB,12,150,16,0,140,2,26,40,154,34,0,0,0,26,56,36,54,40,10,82,54,4,68,8
TriC,448,1196,424,2606,1562,1372,1080,312,1512,504,1874,1182,104,444,446,1342,986,1088,318,1046,414,1202,570,646
OpmH,820,500,412,1268,584,1454,1028,294,456,426,1904,1194,92,332,256,746,590,922,350,460,184,646,310,496
Pseudomonas aeruginosa gyrA conferring resistance to fluoroquinolones,1910,1324,1616,1126,2240,2316,2056,1190,1352,1348,2750,2136,732,1308,1264,1770,2858,2234,1408,2184,1190,1948,1380,1498
Pseudomonas aeruginosa parE conferring resistance to fluoroquinolones,1404,1468,1180,2054,1064,2208,2102,920,1586,924,2782,1898,604,984,954,1772,1654,2232,840,1056,660,1804,682,1364
Pseudomonas aeruginosa oprD conferring resistance to imipenem,10,0,0,0,52,0,6,0,30,0,0,0,0,0,0,2,16,4,0,2,0,0,0,0
MCR-1,140,42,56,0,12,206,34,54,62,80,392,206,90,60,36,68,84,24,86,56,18,24,12,34
mexJ,300,352,132,306,262,832,982,184,188,138,742,658,84,158,172,568,474,1046,154,274,68,812,56,518
mexK,1404,1252,1020,5462,1670,2098,2142,666,2288,982,2402,1666,434,802,652,1748,2548,2484,688,1774,604,2044,772,1050
mexP,92,36,106,0,0,8,110,20,178,68,32,24,34,54,16,6,22,40,50,2,76,60,174,10
mexQ,508,944,304,2906,362,836,620,236,766,610,838,684,334,480,398,742,420,866,264,326,464,614,942,304
opmE,46,26,8,0,12,78,184,22,70,0,24,20,2,10,0,46,32,138,8,6,6,70,0,64
Pseudomonas aeruginosa gyrA and parC conferring resistance to fluoroquinolone,1298,1612,760,2048,860,2280,2482,1056,1714,976,3090,2234,616,898,708,1786,1196,2472,640,606,564,2170,658,1442
mexM,6,0,8,48,8,30,4,2,0,10,4,10,0,10,6,16,96,0,10,26,96,0,196,0
mexN,1544,1210,724,2778,854,3440,3720,378,1336,552,3642,2330,256,458,508,2062,2190,2720,926,752,662,2580,1556,1726
mexL,0,0,0,0,12,0,16,0,0,0,0,0,0,0,0,0,30,0,0,0,0,0,0,0
SPG-1,18,124,10,16,0,14,22,4,0,30,32,20,2,10,6,2,0,10,4,0,2,18,0,10
vanXI,0,0,0,0,0,0,0,2,0,26,0,0,0,12,0,0,0,16,0,0,12,0,30,0
vanSI,24,26,4,98,0,42,54,14,216,8,4,8,2,2,10,16,12,138,4,0,0,64,4,46
vanKI,38,64,12,840,8,0,0,0,148,64,0,0,54,48,144,0,34,90,36,10,54,10,2,8
vanRI,476,530,222,4290,230,758,816,264,312,448,674,624,72,294,336,394,482,724,330,264,330,588,250,414
Bifidobacteria intrinsic ileS conferring resistance to mupirocin,3254,3644,1046,11622,680,4660,3614,1150,1988,2852,5764,3712,1004,1780,2158,2606,2008,2912,2044,606,1360,2440,1622,2424
mphG,0,0,0,0,8,0,0,8,70,0,0,0,0,0,0,0,26,2,6,10,0,0,0,0
vatF,48,44,12,722,56,0,38,16,20,24,4,4,24,28,38,12,14,94,2,2,10,42,0,84
mefC,0,0,0,228,0,0,0,0,4,0,0,2,0,0,0,0,24,0,2,6,0,0,0,0
oleC,5574,4696,2012,25654,1308,6258,4504,1592,4076,4462,7206,5232,1402,3176,3222,3442,3254,4496,3346,1670,2698,3892,3970,3390
salA,198,278,78,2274,88,222,206,30,258,146,206,162,8,98,96,342,236,164,110,128,74,86,58,110
Escherichia coli nfsA mutations conferring resistance to nitrofurantoin,14,2,30,156,20,8,22,6,216,28,0,8,64,56,46,50,28,68,18,32,36,24,0,60
Listeria monocytogenes mprF,4,0,0,56,0,0,0,0,0,2,0,0,0,28,0,0,0,0,4,0,44,0,162,0
Brucella suis mprF,62,6,114,2948,122,56,30,12,304,278,76,46,0,252,110,32,68,14,66,78,236,6,468,6
Clostridium perfringens mprF,16,0,0,0,0,0,0,0,0,0,0,0,0,0,0,0,0,0,0,0,0,0,0,0
Streptococcus agalactiae mprF,0,0,0,98,0,0,0,0,0,0,0,0,0,2,0,0,0,0,0,0,8,0,10,0
Escherichia coli mutant murA conferring resistance to fosfomycin,2552,2368,1794,8176,2134,3952,3122,1124,2308,2556,4892,3226,704,1902,1482,2890,3468,3320,1874,2100,1788,2532,2452,2238
Mycobacterium tuberculosis murA,436,482,128,188,124,680,286,138,428,630,624,424,246,402,522,328,386,436,480,148,364,374,302,444
Chlamydia trachomatis murA,2,16,20,364,92,2,2,2,22,20,8,2,0,46,24,10,26,2,34,8,16,0,2,4
Campylobacter jejuni gyrA conferring resistance to fluoroquinolones,294,328,262,620,278,452,160,150,200,356,368,250,76,364,270,314,450,214,194,350,366,148,612,244
Escherichia coli acrR mutants resulting in antibiotic resistance,28,0,30,0,38,20,6,8,0,12,0,0,0,8,0,4,14,0,2,34,2,0,2,0
aminocoumarin resistant alaS,7604,6334,4748,15974,4906,8706,7652,2928,6044,6666,10610,7366,2832,5030,4554,7044,7782,8256,5448,5174,4540,6510,6068,5688
fyuA,4,76,4,0,0,44,8,4,0,0,136,80,0,0,0,10,0,2,8,0,0,0,0,0
CdeA,0,0,0,0,0,0,46,0,12,0,0,0,0,0,0,58,0,6,2,0,0,0,0,0
qacH,6,6,44,0,368,24,20,4,100,12,18,8,0,6,8,82,228,32,12,260,8,2,4,4
Mrx,14,56,60,0,40,8,0,0,2,4,6,8,0,2,4,2,136,10,2,46,28,0,14,0
aminocoumarin resistant cysB,1044,594,554,182,606,1332,1292,662,358,392,1542,1102,198,390,386,834,1082,1312,588,718,266,970,276,720
kdpE,644,838,248,11326,338,528,208,132,472,600,548,440,120,460,496,266,526,330,566,326,408,186,676,162
leuO,0,0,0,0,16,0,0,0,0,10,0,0,30,16,20,0,8,0,0,28,2,0,0,2
mfd,8990,7856,5304,22102,5882,11070,10492,3050,6864,7512,13680,9864,2962,6076,5238,8570,9284,10034,6082,6406,4840,8166,6380,7176
Escherichia coli mutant GlpT conferring resistance to fosfomycin,74,78,42,26,146,334,462,62,90,6,420,336,26,26,8,308,102,250,14,110,22,118,6,188
Rm3 beta-lactamase,2,40,2,0,0,6,62,4,4,0,4,2,0,4,2,12,14,38,2,0,2,12,0,10
Pseudomonas mutant PhoP conferring resistance to colistin,756,764,446,1342,298,1040,1140,434,720,690,1194,1002,380,576,654,786,668,1486,430,310,384,1148,508,712
Pseudomonas mutant PhoQ conferring resistance to colistin,558,348,214,1264,50,1194,1562,318,350,278,1330,966,368,270,262,818,266,1246,178,38,140,1340,128,770
CIPa,182,162,46,498,12,126,200,66,138,162,218,164,36,130,70,50,52,160,62,4,98,110,112,52
oqxA,74,72,152,22,132,164,122,40,256,258,92,98,106,230,162,96,280,194,84,282,210,96,440,106
oqxB,1030,1088,862,2374,984,1494,1492,406,1040,1030,1632,1242,550,994,846,1012,1366,1448,752,1514,922,1354,1042,924
Haemophilus parainfluenzae gyrA conferring resistance to fluoroquinolones,166,190,174,230,262,188,128,78,44,98,218,206,50,98,54,150,186,144,156,196,110,128,140,104
Haemophilus parainfluenzae parC conferring resistance to fluoroquinolones,156,168,226,32,70,142,76,86,218,220,108,76,328,146,256,136,138,124,112,66,148,100,110,94
Salmonella enterica gyrA conferring resistance to fluoroquinolones,1956,2122,1366,6274,1154,3090,3018,902,2264,1632,3730,2582,518,1170,984,2148,2624,2584,1076,1448,982,2226,1704,1458
Neisseria gonorrhoeae gyrA conferring resistance to fluoroquinolones,262,142,306,138,474,236,136,78,174,214,384,202,70,272,226,224,450,56,184,572,236,82,232,224
Neisseria gonorrhoeae parC conferring resistance to fluoroquinolone,660,98,638,162,1024,800,168,174,246,402,974,566,46,306,292,312,1530,66,620,1078,382,62,356,154
rpsJ,372,338,326,1182,392,338,298,206,218,436,410,248,186,310,284,304,740,386,376,512,352,280,358,330
Capnocytophaga gingivalis gyrA conferring resistance to fluoroquinolones,448,856,270,884,188,188,458,136,352,256,312,192,134,198,180,548,554,402,132,262,196,202,112,210
Neisseria meningititis PBP2 conferring resistance to beta-lactam,2058,1270,1234,6116,1712,3336,2340,818,1924,1926,4068,2794,370,1298,1290,2028,2952,1752,1276,2006,1088,1694,1766,1248
Salmonella enterica parC conferring resistance to fluoroquinolones,212,298,132,814,122,242,588,218,222,262,234,264,196,204,192,288,120,666,136,98,210,526,66,412
Shigella flexneri gyrA conferring resistance to fluoroquinolones,240,158,108,68,242,156,136,122,84,136,332,206,58,176,174,122,252,146,88,106,120,136,194,176
Shigella flexneri parC conferring resistance to fluoroquinolones,52,74,78,6,88,58,160,50,118,70,102,106,46,46,46,50,58,74,66,36,64,110,148,106
drrA,2016,1752,876,13112,684,2568,1740,638,1796,1306,3158,2218,428,858,996,1332,1496,1916,1482,818,904,1224,1492,1132
drrB,0,0,0,0,0,0,0,0,0,14,0,0,0,0,2,0,0,0,0,0,10,0,20,0
drrC,0,0,0,0,0,0,0,0,0,16,0,0,0,0,2,0,0,0,0,0,4,0,40,0
efrA,698,698,374,3298,284,762,390,174,650,770,750,446,278,582,596,388,664,548,516,394,372,356,554,378
efrB,746,630,268,1766,274,544,406,178,528,664,458,320,420,566,592,290,456,526,620,252,470,518,512,334
msbA,3352,2794,1446,5660,1828,4244,3760,1192,2810,2232,5738,3942,1198,1850,1818,3066,2882,4072,1686,1716,1242,3224,1694,2404
YojI,70,28,12,0,0,26,42,10,0,88,82,68,0,28,8,52,28,54,14,70,36,18,88,16
hmrM,72,304,42,2,140,470,606,42,40,56,604,408,66,10,102,342,258,374,52,134,34,262,0,194
efmA,0,0,0,0,0,0,0,0,10,0,0,0,0,0,0,0,0,6,0,0,0,0,0,8
efpA,132,72,82,540,16,100,8,6,10,750,210,148,20,414,286,168,110,26,290,50,316,6,522,8
farA,64,4,128,1374,104,184,164,40,168,174,314,238,0,132,100,108,202,18,132,88,206,24,740,16
farB,98,12,16,1696,100,200,12,8,28,98,198,118,16,44,156,26,130,6,42,82,284,6,614,6
hp1181,124,88,42,38,0,574,674,60,216,66,506,306,16,56,46,330,92,596,90,50,42,528,4,372
hp1184,0,0,0,0,0,0,0,0,0,0,0,0,0,66,0,0,0,0,0,0,0,0,0,0
lrfA,36,66,12,0,0,146,36,6,160,224,94,74,68,72,104,54,102,54,82,10,96,18,664,96
D-Ala-D-Ala ligase,1046,664,402,3230,358,1066,684,270,770,924,1530,1114,220,600,552,624,942,876,604,470,470,686,654,388
Propionibacterium acnes gyrA conferring resistance to fluoroquinolones,348,388,72,76,96,48,100,38,578,320,8,38,112,236,360,74,90,212,264,48,262,54,58,132
